"CHROM","POS","WBC","cfDNA"
"chr1",43812255,49.70215,49.66592
"chr1",155880573,99.94026,100
"chr1",156846233,0.0455,0.85522
"chr1",156848909,47.18838,48.4115
"chr10",43595968,50.09001,51.25348
"chr10",43613843,50.92958,49.80111
"chr10",89720633,63.29114,71.42857
"chr10",123239112,50.43255,50.0504
"chr10",123298158,99.95234,99.60661
"chr11",108121410,28.81356,30.61224
"chr11",108183233,0.12136,2
"chr12",49425978,49.54604,48.0752
"chr12",49427652,48.48357,48.22849
"chr12",49444545,50.76464,48.71959
"chr12",56494991,50.63847,51.68468
"chr12",121416622,41.88383,41.15695
"chr12",121435342,51.13078,50.35265
"chr12",121435427,50.11802,48.55072
"chr12",121435475,50.97739,48.17276
"chr12",121437221,99.92073,99.93494
"chr12",121437382,100,100
"chr13",28610183,99.97002,99.94432
"chr13",28636084,100,100
"chr13",28674628,50.72848,44.62366
"chr15",41991315,100,100
"chr15",42026764,100,100
"chr15",42032383,49.77974,51.66102
"chr15",42041712,99.94429,100
"chr15",88679785,100,100
"chr16",68771372,99.87155,100
"chr16",68857441,49.66095,52.76923
"chr17",7578473,0,0.81967
"chr19",8961981,100,99.87047
"chr19",9003618,99.95597,99.85196
"chr19",9003645,50.06051,49.66112
"chr19",9005719,99.96216,99.33066
"chr19",9019605,48.20937,50.26362
"chr19",9048320,99.87859,99.51652
"chr19",9049910,99.95997,99.49142
"chr19",9056989,99.9512,99.48914
"chr19",9057408,99.97145,100
"chr19",9058624,99.81601,99.84917
"chr19",9060572,100,99.48718
"chr19",9060605,99.92453,100
"chr19",9062415,100,99.62137
"chr19",9066874,99.9589,99.17774
"chr19",9067290,50.64345,50.72614
"chr19",9069892,99.95883,99.32635
"chr19",9070225,99.94376,100
"chr19",9071763,99.9004,100
"chr19",9072221,99.94745,99.56348
"chr19",9072975,99.95688,99.21652
"chr19",9077581,100,98.8726
"chr19",9083427,99.89253,99.36958
"chr19",9083457,99.90305,99.42048
"chr19",9084299,100,99.53632
"chr19",9085004,100,99.19011
"chr19",9086318,99.96085,99.07713
"chr19",9087615,100,100
"chr19",9088017,99.92148,99.29633
"chr19",9088330,99.95961,98.96288
"chr19",9088772,99.87636,99.26606
"chr19",10600442,48.67507,50.12788
"chr19",11105608,50.3085,49.00322
"chr19",18272190,100,100
"chr19",18273047,99.94118,99.92515
"chr19",18279638,100,100
"chr2",29416366,0.04024,1.40252
"chr2",29416481,0.08114,1.19792
"chr2",29416572,100,100
"chr2",29445458,0,1.29534
"chr2",29455267,50.02038,50.86486
"chr2",29543663,99.94463,100
"chr2",29940529,49.25335,50.81706
"chr2",30143499,99.89373,100
"chr2",30143499,0.10627,100
"chr2",141032088,99.95504,99.91742
"chr2",141260668,100,99.76415
"chr2",141298674,51.10081,56.71233
"chr2",141533662,99.94664,100
"chr2",141571329,100,99.94729
"chr2",141625673,100,99.49367
"chr2",141816621,100,100
"chr2",142567910,0.06118,1.00063
"chr2",178096634,52.10266,52.04878
"chr20",36030939,99.92302,99.83115
"chr22",32875190,100,99.4656
"chr22",32887150,99.92769,99.20228
"chr3",47125385,49.06593,51.64034
"chr4",1807894,100,99.81395
"chr4",55139771,48.98075,51.37047
"chr4",55143577,48.50798,49.81173
"chr4",55152040,49.34326,50.16393
"chr4",55161391,99.977,99.78648
"chr5",67522722,100,99.72376
"chr5",112162854,99.90533,99.35815
"chr5",112162884,49.59677,48.34526
"chr5",112164561,100,99.82363
"chr5",112175770,99.97014,99.76777
"chr5",112176559,100,100
"chr5",112176756,99.87326,100
"chr5",112177171,100,100
"chr5",170837513,57.43802,50
"chr6",51483961,99.84108,98.98236
"chr6",51491884,100,99.00468
"chr6",51720872,50.34895,50.9009
"chr6",51924774,99.90923,100
"chr6",69666684,99.9504,99.9247
"chr6",69758072,99.85337,100
"chr6",117678083,51.78808,50.66667
"chr6",117725578,53.07263,54.94792
"chr6",152129221,48.52118,50.53162
"chr6",152201875,99.9518,99.95992
"chr6",152265522,51.14299,49.57854
"chr7",55214348,52.24949,45.23612
"chr7",55229255,49.22737,50.12048
"chr7",55238087,0.04787,1.34409
"chr7",55266417,52.03447,56.15165
"chr7",106508978,100,100
"chr7",106508987,100,99.87302
"chr7",106509331,0,0.67227
"chr7",106524689,0.02347,0.80954
"chr7",116435768,48.50746,50.96396
"chr7",116436097,45.51084,47.19037
"chr7",148543693,97.29836,98.45779
"chr9",5044432,49.26527,46.39175
"chr9",5081780,100,98.52217
"chr9",8465598,0,1.54799
"chr9",8518143,49.44791,52.53333
"chr9",139391636,100,99.94203
"chr9",139397707,99.97429,99.66343
"chr9",139405261,100,99.36709
"chr9",139407932,100,99.56379
"chr9",139412197,99.87915,99.6286
"chr9",139418260,100,99.6405
