"CHROM","POS","WBC","cfDNA1"
"chr1",155880573,99.89659,99.89189
"chr1",156846233,51.23558,50
"chr10",43595968,99.77957,100
"chr10",43606687,100,99.61649
"chr10",43610119,49.50593,52.88544
"chr10",43613843,99.8002,99.76771
"chr10",43615633,47.93757,50.26385
"chr10",123239112,48.6533,49.89451
"chr10",123298158,99.91438,99.84985
"chr11",534242,100,99.90329
"chr11",108183167,100,100
"chr12",25368462,99.93528,100
"chr12",49424534,49.81273,45.12
"chr12",56477694,52.07497,48.21429
"chr12",56494991,48.11867,49.59423
"chr12",121435342,49.13295,51.38699
"chr12",121435427,48.91223,47.75687
"chr12",121435475,46.43755,47.85714
"chr12",121437221,99.92413,100
"chr12",121437382,99.89507,100
"chr13",28608459,50.83799,48.89103
"chr13",28610183,50.33722,51.13533
"chr13",28624294,99.87685,99.92424
"chr13",28636084,100,100
"chr14",105239894,100,99.89201
"chr15",41991315,100,100
"chr15",42026764,100,99.78308
"chr15",42041712,100,99.74093
"chr15",88476365,48.89103,51.32275
"chr15",88679785,100,100
"chr16",68771372,39.05229,38.30688
"chr16",68857441,50.82075,50.57573
"chr17",7579472,99.89754,99.68603
"chr17",29508775,49.50115,50.79681
"chr17",29553485,47.18121,49.94664
"chr17",37868618,53.58362,53.51852
"chr17",37884037,52.67296,49.47791
"chr19",8961981,100,100
"chr19",8999453,100,99.90234
"chr19",9001833,100,100
"chr19",9001835,100,100
"chr19",9003618,100,100
"chr19",9003645,100,99.76941
"chr19",9005719,100,100
"chr19",9012905,0.22848,1.78042
"chr19",9019605,49.93939,52.42347
"chr19",9020154,51.26659,51.8797
"chr19",9046876,99.91342,99.83845
"chr19",9048320,99.76852,99.80806
"chr19",9048421,99.66667,99.40898
"chr19",9049339,99.82014,99.78332
"chr19",9049910,99.93094,99.8115
"chr19",9056989,99.68479,99.70972
"chr19",9057408,100,100
"chr19",9057687,99.92132,99.88493
"chr19",9057721,99.84289,100
"chr19",9058624,100,99.37695
"chr19",9058942,99.83607,99.8776
"chr19",9059808,100,100
"chr19",9060085,99.92647,99.58071
"chr19",9060541,100,100
"chr19",9060572,99.9239,99.90999
"chr19",9060605,100,100
"chr19",9060812,99.90817,100
"chr19",9061559,99.91646,99.7307
"chr19",9062415,100,99.83775
"chr19",9062544,100,100
"chr19",9066874,99.78229,99.75709
"chr19",9069792,99.71698,99.77376
"chr19",9069892,99.92625,99.7307
"chr19",9070194,100,100
"chr19",9070225,100,100
"chr19",9070607,1.2685,2.90859
"chr19",9070837,99.8424,100
"chr19",9071763,100,100
"chr19",9071834,99.91482,99.8782
"chr19",9072221,99.73517,99.80328
"chr19",9072875,99.88962,99.85856
"chr19",9072975,99.92526,99.8366
"chr19",9074073,99.9223,99.51691
"chr19",9075584,0.0996,1.00503
"chr19",9077581,99.93888,99.42271
"chr19",9080462,100,100
"chr19",9083427,99.71537,99.55257
"chr19",9083457,99.82332,99.56044
"chr19",9084183,99.91372,99.3576
"chr19",9084299,99.84277,99.85601
"chr19",9085004,99.85089,99.48263
"chr19",9085643,99.77679,99.75904
"chr19",9086318,99.79438,99.51962
"chr19",9086819,99.92325,99.64029
"chr19",9087615,100,100
"chr19",9087758,100,99.56616
"chr19",9088017,99.92867,99.23175
"chr19",9088330,100,99.69752
"chr19",9088772,99.84504,99.48148
"chr19",18272190,100,100
"chr19",18273047,100,100
"chr19",18279638,99.74249,100
"chr2",29416366,99.92826,99.90225
"chr2",29416481,100,100
"chr2",29416572,100,100
"chr2",29445458,99.80218,100
"chr2",29543663,100,100
"chr2",29940529,99.9522,99.90458
"chr2",30143499,99.93377,100
"chr2",141032088,99.91763,99.77998
"chr2",141260668,49.11243,52.67857
"chr2",141274576,51.10759,48.19672
"chr2",141298674,50,49.35897
"chr2",141533662,100,100
"chr2",141571329,99.9489,99.9185
"chr2",141707868,48.72798,47.98387
"chr2",141751592,49.85563,47.72414
"chr2",141816621,100,100
"chr2",142567910,48.22411,49.42451
"chr2",212578379,49.29577,45.83333
"chr20",36030939,100,100
"chr20",57478807,50.79268,52.05092
"chr22",32875190,100,99.51338
"chr22",32887150,100,99.5478
"chr3",47125385,100,99.15493
"chr3",47162661,99.78648,99.79275
"chr3",50378176,50.60412,51.85629
"chr3",52442061,49.87058,49.93141
"chr4",1807894,100,100
"chr4",55141055,100,100
"chr4",55161391,100,100
"chr4",66197804,48.24121,52.01794
"chr5",67522722,48.84517,45.83333
"chr5",112162854,50.16819,51.33574
"chr5",112164561,99.78425,99.41973
"chr5",112175770,99.68896,99.93594
"chr5",112176325,99.7373,99.79253
"chr5",112176559,99.74969,100
"chr5",112176756,99.91103,100
"chr5",112177171,99.90689,99.28826
"chr5",149450132,49.46237,46.46251
"chr5",149457678,48.97714,50.44814
"chr6",51483961,99.86348,99.79079
"chr6",51491884,99.93065,99.73064
"chr6",51613177,49.37326,50.17007
"chr6",51720838,48.18276,49.87593
"chr6",51720872,48.42767,50.4878
"chr6",51732807,50.75125,49.26145
"chr6",51875250,100,100
"chr6",51914956,51.55131,50.25478
"chr6",51924774,100,100
"chr6",51947237,48.82006,50.05767
"chr6",69666684,100,100
"chr6",69758072,50.80972,47.22222
"chr6",70064187,50.38514,44.51673
"chr6",70071173,52.44659,45.28926
"chr6",117642418,48.89796,53.06773
"chr6",117662682,48.97119,50.58962
"chr6",117678083,47.67442,48.24561
"chr6",117710661,48.68154,45.97015
"chr6",117725448,49.79079,60.91082
"chr6",117725578,100,99.71591
"chr6",152129077,45.60386,47.44646
"chr6",152201875,99.95164,100
"chr6",152265522,51.86335,49.31382
"chr6",152420095,99.90876,99.68619
"chr7",55229255,100,99.73262
"chr7",55238874,100,99.84592
"chr7",55266417,100,100
"chr7",55268916,99.64209,99.58377
"chr7",106508978,100,100
"chr7",106508987,100,100
"chr7",106509331,51.06977,50.76726
"chr7",106524689,50.99819,49.84592
"chr7",116397572,48.79161,53.33333
"chr7",116435768,49.86474,50.23787
"chr7",116436022,50.23969,48.00797
"chr7",116436097,45.18652,47.70254
"chr7",128846328,99.68119,99.63636
"chr7",140449150,31.12583,28.51782
"chr7",148543693,58.8141,54.53315
"chr9",5081780,48.26667,47.19178
"chr9",8389364,100,99.75339
"chr9",8465598,49.30168,50.70547
"chr9",8518143,50.5893,49.55681
"chr9",8518395,49.65438,51.46299
"chr9",87563370,49.23791,49.79253
"chr9",87563460,50.56704,49.37729
"chr9",133761001,99.78237,100
"chr9",139391636,100,100
"chr9",139397707,100,99.93565
"chr9",139405261,100,100
"chr9",139412197,100,100
"chr9",139413908,47.05263,48.05726
"chr9",139418260,51.0043,50.27855
