"CHROM","POS","WBC","cfDNA2"
"chr1",162737116,99.58735,96.48
"chr10",43613843,99.51456,97.54386
"chr11",534242,98.80775,96.48855
"chr11",108121410,51.72414,59.25926
"chr11",108121410,13.7931,59.25926
"chr11",108183167,100,100
"chr12",25368462,99.91687,100
"chr12",25398284,0,1.19522
"chr12",49424534,0,1.78117
"chr12",49434074,99.2126,96.40152
"chr12",56477694,99.85207,98.46154
"chr12",121416650,50.28143,54.69337
"chr12",121435342,0.61958,3.52304
"chr13",28636084,100,100
"chr13",28674628,99.6124,96.08541
"chr15",41991315,100,99.85549
"chr15",42026764,100,100
"chr15",42041712,99.79633,100
"chr15",88680684,0,1.50565
"chr16",3781313,51.46484,49.77909
"chr16",3795363,0.26144,1.76991
"chr17",7578292,0,1.2
"chr17",29508775,99.61052,96.4986
"chr17",37879588,52.46711,46.17564
"chr19",8961981,99.7861,99.73615
"chr19",8987218,48.71032,48.98876
"chr19",8999453,99.53227,99.24012
"chr19",9001833,99.73226,98.16092
"chr19",9001835,99.6,98.14385
"chr19",9002504,2.03046,3.76344
"chr19",9005719,99.91857,99.26901
"chr19",9019605,99.72603,99.81132
"chr19",9020153,53.66972,53.02326
"chr19",9020154,99.65557,99.76526
"chr19",9026257,51.12161,49.9006
"chr19",9026318,52.20884,55.59006
"chr19",9048895,50.92105,55.84795
"chr19",9049726,50.77933,48.89976
"chr19",9056982,50.40184,53.28947
"chr19",9057687,99.71319,97.79287
"chr19",9057721,50.57803,51.09489
"chr19",9058907,99.79859,95.6912
"chr19",9058942,50.6,47.90076
"chr19",9059159,53.83817,52.57549
"chr19",9059181,52.85996,49.01961
"chr19",9059307,48.7037,50.49365
"chr19",9059808,99.90859,98.26923
"chr19",9060541,47.98658,43.50877
"chr19",9060572,0.08258,1.60099
"chr19",9060812,99.88636,97.15447
"chr19",9060915,49.91409,46.55493
"chr19",9061559,48.33869,49.57746
"chr19",9062303,48.81964,50.93697
"chr19",9062544,100,96.63394
"chr19",9063678,51.39573,49.44598
"chr19",9063935,49.34612,46.43766
"chr19",9065510,46.41544,42.59598
"chr19",9065632,53.13882,47.66214
"chr19",9070079,49.03475,50.36496
"chr19",9070194,100,96.68737
"chr19",9070225,100,96.36872
"chr19",9070837,100,97.19626
"chr19",9071763,100,96.76871
"chr19",9072313,50.94851,49.69697
"chr19",9072742,46.78988,51.59011
"chr19",9074950,49.66292,48.21764
"chr19",9075217,47.98851,42.93948
"chr19",9075346,49.10233,48.63124
"chr19",9075565,49.4575,48.51138
"chr19",9075584,48.66071,45.88859
"chr19",9075635,49.69486,47.49164
"chr19",9075737,99.625,96.73913
"chr19",9075969,47.69797,47.62887
"chr19",9076083,46.89655,44.44444
"chr19",9076163,47.94953,43.40176
"chr19",9076278,45.8693,49.81949
"chr19",9076728,49.10891,46.79487
"chr19",9076858,48.0916,47.53521
"chr19",9076950,46.07786,48.13559
"chr19",9076991,45.6979,46.3097
"chr19",9077060,45.84296,46.96707
"chr19",9077264,48.53101,44.75743
"chr19",9077436,48.77836,45.46742
"chr19",9080462,99.86842,97.57366
"chr19",9083427,0.10776,1.53139
"chr19",9083791,0.5,2.52809
"chr19",9085958,0,1.13452
"chr19",9086145,0,1.5873
"chr19",9088017,47.07904,50.71542
"chr19",9088722,50,43.21608
"chr19",9090784,0.08224,2.03106
"chr19",10600442,50.70883,47.17105
"chr19",18273047,99.87685,100
"chr2",29416366,99.91266,99.86339
"chr2",29445458,50.54705,49.23077
"chr2",29940529,49.26052,56.27675
"chr2",141032088,99.72041,97.40484
"chr2",141260668,100,98.75
"chr2",141298674,52.65589,52.32068
"chr2",141625673,0,2.5
"chr2",141751592,50.8046,54.5082
"chr2",178095985,50.15798,50.56726
"chr2",212251864,0,1.48148
"chr22",32871383,51.13485,54.49102
"chr22",32875190,53.18627,51.38568
"chr3",47125385,50.3792,53.23591
"chr3",47162661,47.33777,48.86536
"chr3",50369546,50.38002,48.07122
"chr3",59908126,0.23781,1.59011
"chr4",55130078,0,1.15512
"chr4",55141055,100,100
"chr4",55972974,99.56597,98.55072
"chr4",66197804,48.60957,52.34216
"chr5",67522722,45.89989,43.80952
"chr5",112164561,99.72973,100
"chr5",112176325,99.9005,99.84615
"chr5",112176559,100,100
"chr5",112176756,99.87893,100
"chr5",112177171,99.78378,100
"chr5",149450132,99.60053,99.84102
"chr5",149456893,0.11468,1.05105
"chr6",51483961,0.5733,2.9932
"chr6",51613177,47.44409,50.97087
"chr6",51720838,99.88194,97.56839
"chr6",51720872,99.8818,97.59036
"chr6",51875250,100,100
"chr6",51947237,51.84233,50.69337
"chr6",69758072,45.53314,40.84507
"chr6",70071173,50.13624,49.06103
"chr6",117717348,45.11905,48.7055
"chr6",152129077,50.63001,46.01227
"chr6",152129484,49.21136,45.0495
"chr6",152420095,50.54187,53.59116
"chr7",55214348,47.7534,47.24409
"chr7",55238874,52.92096,48.48485
"chr7",55266417,100,100
"chr7",106513011,0.78038,4.32767
"chr7",116339672,0,1.68196
"chr7",116397572,49.33191,44.80712
"chr7",128846328,99.50495,100
"chr7",148543693,59.53271,55.8011
"chr8",38285937,0,4.13534
"chr9",8389364,99.88839,97.88054
"chr9",8485834,0.22222,2.18182
"chr9",8485928,0,1.96078
"chr9",8518052,48.44398,50.54602
"chr9",133761001,50.3268,50.91912
"chr9",135772717,47.54977,51.78268
"chr9",135797254,0,1.90114
"chr9",139405261,99.77679,100
